,mu1max,alpha1,mp,mz,F,w1,tau1,w2,Sin,temp,Tdyn,mu2max,alpha2,rho
0,0.5,3.601746415757054e-05,0.019529488353774698,0.112723684767051,0.01,4.578189185016395,0.29328187573620945,16.35831340646873,26.04382314,1.0,1.0,0.25,6.156614371365565e-05,0.056732246
