,mu1max,alpha1,mp,mz,F,w1,tau1,w2,Sin,temp,Tdyn,mu2max,alpha2,rho
0,0.5,1.0140575556296443e-05,0.01109381235282796,0.05093700042606021,0.01,0.03211226716483594,0.2595898979941045,9.9596016992459,26.04382314,1.0,1.0,0.25,6.036134563922236e-05,0.056732246
